cliente_id,quantidade_compras,valor_gasto,frequencia_compra
Cliente_1,39,1868.0467292821504,11
Cliente_2,29,24.993382636808732,15
Cliente_3,15,458.4122674479312,5
Cliente_4,43,737.0600711513747,20
Cliente_5,8,980.7415036093885,10
Cliente_6,21,1703.126860493931,12
Cliente_7,39,184.8963728348863,15
Cliente_8,19,1613.6711246148755,17
Cliente_9,23,120.75044382038092,10
Cliente_10,11,1686.2049302433813,6
Cliente_11,11,112.75460097028055,18
Cliente_12,24,46.302538042438485,13
Cliente_13,36,1396.9533101091788,3
Cliente_14,40,1994.5385141891047,10
Cliente_15,24,1794.2544233183014,14
Cliente_16,3,1156.2368514332634,6
Cliente_17,22,1835.617270040208,3
Cliente_18,2,20.54701273123478,16
Cliente_19,24,1950.3836542608335,7
Cliente_20,44,986.590070724981,20
Cliente_21,30,1448.5632322773336,14
Cliente_22,38,1643.5143315751716,9
Cliente_23,2,1439.7299689647418,15
Cliente_24,21,1074.723096769372,3
Cliente_25,33,958.4727734115598,2
Cliente_26,12,1678.7792918182233,2
Cliente_27,22,418.10434469742364,3
Cliente_28,44,1936.308192343426,18
Cliente_29,25,1424.795432885129,14
Cliente_30,49,407.01878540325635,20
Cliente_31,27,1475.1318955599916,18
Cliente_32,42,1064.3816461304223,10
Cliente_33,28,1417.3878903324446,2
Cliente_34,16,1537.8812078712492,1
Cliente_35,15,183.70745738345414,4
Cliente_36,47,1017.1468731551006,14
Cliente_37,44,1864.708541091299,1
Cliente_38,3,648.0779623974335,14
Cliente_39,37,1191.8273641402186,16
Cliente_40,7,744.7686582046933,14
Cliente_41,21,913.9932647160083,20
Cliente_42,9,1101.7202046969248,3
Cliente_43,39,1102.3547399790648,3
Cliente_44,18,411.4436200371693,9
Cliente_45,4,1372.2973802808683,6
Cliente_46,25,184.85754137288706,13
Cliente_47,14,286.2612991496205,2
Cliente_48,50,15.394689834516043,8
Cliente_49,9,242.22516764194583,2
Cliente_50,26,951.6007400932655,4
Cliente_51,2,1216.1427433011188,15
Cliente_52,20,1590.6360054332604,4
Cliente_53,28,222.33150772573777,13
Cliente_54,47,1702.9476454327448,12
Cliente_55,7,1494.489305841949,13
Cliente_56,44,822.9514029424746,14
Cliente_57,8,1866.5467535289097,20
Cliente_58,47,1981.9496581502074,18
Cliente_59,35,417.9536020059421,6
Cliente_60,14,764.6648840779628,11
Cliente_61,17,1853.6343529435253,2
Cliente_62,36,1445.9771359950416,19
Cliente_63,50,105.7083414885345,19
Cliente_64,40,1565.2138186853156,5
Cliente_65,4,1657.602365483209,19
Cliente_66,2,1503.4988302829738,2
Cliente_67,6,1601.0788905298361,10
Cliente_68,42,1652.0140266186665,2
Cliente_69,4,380.9459237084068,11
Cliente_70,29,479.02657466934954,18
Cliente_71,18,1271.1795418031527,15
Cliente_72,26,1816.6535996204068,9
Cliente_73,44,639.2311987700243,19
Cliente_74,34,1180.7302848321629,9
Cliente_75,10,1369.1343062000935,3
Cliente_76,36,909.3777165850881,9
Cliente_77,14,1430.4270851620988,14
Cliente_78,31,1800.3382161314246,19
Cliente_79,48,1251.9620729218568,7
Cliente_80,15,1084.1643132101196,16
Cliente_81,8,883.1019040227948,16
Cliente_82,14,1159.1976791031902,1
Cliente_83,23,717.1712791186078,4
Cliente_84,40,789.0493993009889,4
Cliente_85,21,1068.3963845794663,7
Cliente_86,16,142.57203365772577,8
Cliente_87,45,465.76052794034473,17
Cliente_88,18,1090.2701281206837,5
Cliente_89,47,868.7410048415207,7
Cliente_90,24,672.3034139658437,20
Cliente_91,26,1463.7927822505098,20
Cliente_92,25,1390.4980387326434,4
Cliente_93,45,341.7942123868325,6
Cliente_94,41,1758.471939593142,7
Cliente_95,29,995.8930165438916,18
Cliente_96,15,1485.5072131667005,5
Cliente_97,45,1150.5701900222034,20
Cliente_98,1,1995.408305688448,3
Cliente_99,25,1507.2822088772573,7
Cliente_100,7,1416.8911178744834,14
Cliente_101,9,1559.3581587109945,7
Cliente_102,24,294.82469124145456,5
Cliente_103,1,417.0437404072319,5
Cliente_104,44,1430.9875236249923,2
Cliente_105,8,993.0231593904167,6
Cliente_106,24,1511.724230801632,15
Cliente_107,11,214.80290118084858,10
Cliente_108,17,1077.5978894543437,7
Cliente_109,8,763.8549154582622,5
Cliente_110,35,919.4304363705398,1
Cliente_111,35,1211.8761654242999,13
Cliente_112,33,1009.553811450435,18
Cliente_113,5,1084.322667854545,13
Cliente_114,42,977.8513891712595,18
Cliente_115,39,823.8208024001315,5
Cliente_116,41,1546.0451413905078,13
Cliente_117,28,34.28411391290859,4
Cliente_118,7,1200.9009753984017,17
Cliente_119,9,1135.3616111727179,3
Cliente_120,8,1435.1963587185749,17
Cliente_121,12,1202.0684359068798,11
Cliente_122,34,1655.329667340066,20
Cliente_123,33,1918.5588411824153,4
Cliente_124,48,691.6232717853013,2
Cliente_125,23,462.42845622967417,20
Cliente_126,24,852.9577562167609,16
Cliente_127,37,582.979936786695,18
Cliente_128,35,1233.7510236737824,8
Cliente_129,44,1824.5862935974997,3
Cliente_130,40,286.8412263446931,9
Cliente_131,22,210.58126000161414,20
Cliente_132,27,519.4709083887878,6
Cliente_133,35,1454.9302162641775,10
Cliente_134,1,1189.9961814650549,10
Cliente_135,35,213.40320180814717,13
Cliente_136,37,1838.3135392988854,17
Cliente_137,47,1582.2684278769325,9
Cliente_138,14,55.81498352739865,17
Cliente_139,3,1306.2207498666098,9
Cliente_140,1,1544.7808703542787,9
Cliente_141,5,755.1263857436398,1
Cliente_142,26,147.15386334076538,2
Cliente_143,14,163.86892032268665,16
Cliente_144,39,217.4514624431009,1
Cliente_145,27,1682.4748676410416,10
Cliente_146,9,1822.265534528869,18
Cliente_147,15,254.39345587301025,8
Cliente_148,15,479.4530088442116,11
Cliente_149,26,339.3858156309066,2
Cliente_150,42,380.77855019330013,8
Cliente_151,13,1676.6066701149593,8
Cliente_152,32,670.9713611833284,17
Cliente_153,39,629.774085450826,15
Cliente_154,49,462.5172855454541,17
Cliente_155,32,1219.7098436505748,13
Cliente_156,4,764.8183397872422,19
Cliente_157,30,1491.0568071681448,5
Cliente_158,37,419.1038186675186,12
Cliente_159,23,1577.70187854184,1
Cliente_160,39,1211.4058481429765,5
Cliente_161,45,237.3919271108186,8
Cliente_162,15,834.8641225652191,13
Cliente_163,43,1728.4010998197843,8
Cliente_164,29,1846.6908612789848,11
Cliente_165,36,936.7432434144382,1
Cliente_166,13,966.8655863972564,13
Cliente_167,32,1837.7249026292093,19
Cliente_168,7,1178.2657660317689,3
Cliente_169,22,75.36487378444231,17
Cliente_170,28,1826.3714311294664,5
Cliente_171,2,503.97062108673225,20
Cliente_172,42,1159.487588642179,8
Cliente_173,45,339.3715016816679,14
Cliente_174,6,77.41952889072402,4
Cliente_175,28,629.8316105541873,11
Cliente_176,28,1563.1864580167144,20
Cliente_177,44,562.3984735325421,15
Cliente_178,44,447.99345602138317,19
Cliente_179,20,433.2347608390403,7
Cliente_180,30,1035.1956279895571,19
Cliente_181,11,1951.327218208685,19
Cliente_182,28,923.388086153856,11
Cliente_183,25,1119.0376840911954,5
Cliente_184,39,1722.6577156025605,5
Cliente_185,33,1074.7887406779807,8
Cliente_186,1,377.0811141235236,10
Cliente_187,27,606.1958644152893,6
Cliente_188,13,626.7744832745357,15
Cliente_189,41,800.6630497606197,16
Cliente_190,3,859.3099216201313,17
Cliente_191,39,1601.566223927796,8
Cliente_192,6,705.2801281081727,8
Cliente_193,8,941.7813385983449,9
Cliente_194,27,1253.702214231594,2
Cliente_195,9,761.6746354059369,15
Cliente_196,37,1674.7639784517426,18
Cliente_197,33,1179.032672425808,3
Cliente_198,42,595.1489116497333,17
Cliente_199,44,1430.9778075817583,4
Cliente_200,24,1060.0189829881238,4
Cliente_201,15,1073.5672236019213,14
Cliente_202,32,967.365017291296,9
Cliente_203,32,999.0537781542855,9
Cliente_204,24,1533.0589993218189,18
Cliente_205,41,214.9331438693179,10
Cliente_206,49,675.3819945078595,4
Cliente_207,49,160.25169396973956,12
Cliente_208,12,1508.9599792874271,8
Cliente_209,39,551.8806908933959,2
Cliente_210,2,1795.8865155395797,13
Cliente_211,3,1057.8911486519946,16
Cliente_212,49,1603.4920452573808,2
Cliente_213,37,1958.0735568757627,11
Cliente_214,49,1681.1798303185753,10
Cliente_215,17,1735.3175824229318,15
Cliente_216,49,821.889145776041,17
Cliente_217,2,1107.927964566086,8
Cliente_218,2,515.2382424461755,18
Cliente_219,28,400.2650683899711,9
Cliente_220,23,1015.9606794210073,8
Cliente_221,37,1194.147469603837,14
Cliente_222,32,685.14977933342,18
Cliente_223,33,1143.1926003493656,20
Cliente_224,1,1776.0463602018708,20
Cliente_225,19,1117.8759537188985,12
Cliente_226,2,1444.418061657908,19
Cliente_227,44,1612.5767850422312,14
Cliente_228,26,1977.5702760913312,17
Cliente_229,32,1210.3628303321893,3
Cliente_230,6,1615.6317964355462,7
Cliente_231,32,1925.6721439242006,17
Cliente_232,4,1889.3753538987742,12
Cliente_233,11,290.75287906765,9
Cliente_234,17,818.7206934643089,15
Cliente_235,38,654.7402216025313,18
Cliente_236,24,182.98077975119514,13
Cliente_237,5,1270.1491420728114,8
Cliente_238,34,1474.4501802600446,14
Cliente_239,6,1697.774909979098,8
Cliente_240,22,254.3260104287899,14
Cliente_241,11,1754.1237109918347,7
Cliente_242,48,1289.421871592364,12
Cliente_243,16,1410.8528089256338,11
Cliente_244,33,1822.141767045205,11
Cliente_245,9,1253.2749293760696,13
Cliente_246,6,678.3730557281718,18
Cliente_247,16,1651.963589531093,2
Cliente_248,29,732.4878322682301,15
Cliente_249,3,78.11394053285295,20
Cliente_250,20,1663.002468064847,18
Cliente_251,36,696.9323683137384,15
Cliente_252,19,1549.9307011706671,19
Cliente_253,26,731.8882103852314,12
Cliente_254,3,1723.525359749696,13
Cliente_255,19,446.8259449111078,11
Cliente_256,20,1949.3490577457512,5
Cliente_257,32,1561.7199618281813,1
Cliente_258,7,237.3334725815897,3
Cliente_259,41,1135.8954737334554,19
Cliente_260,33,1970.880951361052,7
Cliente_261,40,947.4202508606907,12
Cliente_262,39,372.39320625495066,15
Cliente_263,18,974.7089506291888,5
Cliente_264,40,1029.790735205024,15
Cliente_265,1,1485.9570190150444,8
Cliente_266,11,1400.7032477901998,10
Cliente_267,28,811.0745867579913,16
Cliente_268,25,443.8659839132321,8
Cliente_269,50,1293.6577938609655,1
Cliente_270,23,849.1908297610308,12
Cliente_271,31,273.2296601394075,5
Cliente_272,30,1802.1388794604075,3
Cliente_273,42,1385.5314966432122,1
Cliente_274,35,1369.535874326508,4
Cliente_275,7,1646.9419130642311,8
Cliente_276,16,1064.0267405236114,3
Cliente_277,26,1631.9583125208896,10
Cliente_278,48,1001.2005994869014,2
Cliente_279,49,143.67904583226309,11
Cliente_280,2,816.4436951751006,10
Cliente_281,1,999.9551390199822,14
Cliente_282,48,1443.2031374482685,7
Cliente_283,12,222.09167295606198,2
Cliente_284,5,288.6368919342935,9
Cliente_285,37,534.7307672428867,16
Cliente_286,32,540.3318028080556,13
Cliente_287,9,1467.047311133534,9
Cliente_288,41,508.95401451757954,20
Cliente_289,35,1269.8651460813207,4
Cliente_290,19,993.6049617751601,10
Cliente_291,48,1150.8558125770073,12
Cliente_292,16,1677.8328567248086,17
Cliente_293,3,814.7191880825584,14
Cliente_294,20,1544.1136403578982,14
Cliente_295,24,849.8517585058678,2
Cliente_296,33,714.2040393568864,20
Cliente_297,24,1917.668082853309,11
Cliente_298,11,376.8981321511368,16
Cliente_299,49,189.77055154943966,19
Cliente_300,8,1544.2619918156022,6
Cliente_301,36,145.81691365464226,19
Cliente_302,38,1675.7871914990285,5
Cliente_303,40,880.0148587509146,4
Cliente_304,20,1831.872217810909,15
Cliente_305,35,1445.8503936325922,4
Cliente_306,48,1224.7052873458356,20
Cliente_307,25,1899.1205261449536,10
Cliente_308,35,799.3322523735881,3
Cliente_309,25,1908.6330037138698,5
Cliente_310,29,278.6525420682018,6
Cliente_311,18,972.6723344455014,8
Cliente_312,46,547.1233325604678,7
Cliente_313,18,1084.287130027305,10
Cliente_314,2,332.4076170042534,6
Cliente_315,35,1684.6440240169864,14
Cliente_316,16,1694.351620135969,4
Cliente_317,41,1910.9202623197232,13
Cliente_318,36,317.79756035764007,20
Cliente_319,33,1250.4317763009315,17
Cliente_320,4,953.7322443137356,7
Cliente_321,33,695.3236267680242,4
Cliente_322,14,709.5649206570954,14
Cliente_323,21,831.459165707437,3
Cliente_324,48,1412.8018438810166,5
Cliente_325,20,1200.5892559536278,16
Cliente_326,8,924.7662103946509,20
Cliente_327,7,161.10748663554796,4
Cliente_328,3,164.7530347171246,2
Cliente_329,17,14.655387345298736,18
Cliente_330,33,1935.721782532102,19
Cliente_331,48,20.45509893118598,19
Cliente_332,12,215.15655456735232,17
Cliente_333,22,636.0471480507277,14
Cliente_334,22,1616.7862011153547,19
Cliente_335,46,1924.5765836705941,13
Cliente_336,30,1582.1269819957936,12
Cliente_337,38,1384.2148625668246,6
Cliente_338,38,1047.3883281530032,4
Cliente_339,45,182.54337160574536,19
Cliente_340,8,1916.7598780778214,16
Cliente_341,27,1519.200903751906,13
Cliente_342,27,1281.509276815181,4
Cliente_343,34,1520.4813326223111,17
Cliente_344,21,1450.9656252535458,1
Cliente_345,30,1278.0908437810788,18
Cliente_346,33,1961.3478323581764,20
Cliente_347,28,1807.6939871456896,17
Cliente_348,47,1296.8631890431552,15
Cliente_349,33,1389.41867079928,11
Cliente_350,5,112.67565525083289,13
Cliente_351,48,1343.135754454578,1
Cliente_352,19,97.88922104309935,17
Cliente_353,4,1180.6448763701628,6
Cliente_354,35,1998.7134641360115,4
Cliente_355,49,1116.0550970599875,20
Cliente_356,17,951.6881349818534,16
Cliente_357,44,632.5811644461191,15
Cliente_358,28,249.83993178506424,15
Cliente_359,30,1464.7371062019804,6
Cliente_360,29,393.2720652934045,15
Cliente_361,46,239.4112222820959,14
Cliente_362,6,849.3076928637199,11
Cliente_363,35,1592.7302575386038,7
Cliente_364,41,1492.6784507592386,9
Cliente_365,37,119.2164031464851,16
Cliente_366,24,915.7359332219506,5
Cliente_367,29,1049.6448063816263,20
Cliente_368,49,1292.647834745386,10
Cliente_369,46,1303.833027382024,18
Cliente_370,31,735.7475264200386,3
Cliente_371,35,1125.7476160669928,13
Cliente_372,33,967.313148849732,11
Cliente_373,21,1771.1467294813294,17
Cliente_374,32,1065.2276139434514,13
Cliente_375,23,887.6540018788417,6
Cliente_376,33,814.926044866883,17
Cliente_377,3,1149.1312412725968,13
Cliente_378,18,1609.9141890077863,19
Cliente_379,25,1081.4189658577673,19
Cliente_380,42,1326.6937984102776,10
Cliente_381,31,1478.3329761439848,3
Cliente_382,3,1045.1345386586763,14
Cliente_383,40,859.3659427431801,19
Cliente_384,46,1754.5641019462744,5
Cliente_385,24,840.8371072155054,5
Cliente_386,50,929.2662726454193,20
Cliente_387,32,1980.7792135501365,17
Cliente_388,47,10.472671916010313,10
Cliente_389,22,379.0910900576777,5
Cliente_390,23,774.0881409402542,4
Cliente_391,2,1865.8539197562532,6
Cliente_392,27,149.35911443746735,4
Cliente_393,42,28.87601292071117,7
Cliente_394,2,114.8408335946849,7
Cliente_395,26,186.2013871211001,18
Cliente_396,17,84.81757868045914,3
Cliente_397,40,964.7648404444445,1
Cliente_398,33,1165.706842382382,4
Cliente_399,9,550.6570724273181,6
Cliente_400,43,802.5918941115148,9
Cliente_401,48,192.48167687174598,14
Cliente_402,39,679.3772230185599,12
Cliente_403,29,1049.8131913527009,20
Cliente_404,42,1467.220896297444,4
Cliente_405,26,16.659260465528654,12
Cliente_406,35,939.9484254099286,10
Cliente_407,50,601.0357241452156,7
Cliente_408,25,1707.1154251668836,3
Cliente_409,24,1433.9510973161414,14
Cliente_410,13,1182.3259835970807,10
Cliente_411,7,561.7586349365795,16
Cliente_412,36,1821.5748130944933,16
Cliente_413,45,99.75034766844313,10
Cliente_414,20,227.84052137143917,13
Cliente_415,1,789.3439796753086,6
Cliente_416,8,257.63073902074416,12
Cliente_417,46,1913.2672381432558,9
Cliente_418,16,1597.998751065333,13
Cliente_419,14,525.3754766876092,4
Cliente_420,12,1181.2229156567582,11
Cliente_421,23,1964.8377250093624,20
Cliente_422,15,1769.5559664816908,18
Cliente_423,28,1205.5889084199741,11
Cliente_424,34,1808.4106946787883,4
Cliente_425,2,1978.4779705285844,18
Cliente_426,32,1489.272117558312,1
Cliente_427,23,139.3229548709591,7
Cliente_428,22,809.1446704867201,6
Cliente_429,25,1677.2732132136584,15
Cliente_430,22,468.8326996519878,18
Cliente_431,22,1662.978610323743,11
Cliente_432,49,249.47413644964192,20
Cliente_433,42,103.42126072414788,15
Cliente_434,6,774.3403168675867,16
Cliente_435,15,83.09655547896112,7
Cliente_436,43,1914.967823336818,10
Cliente_437,37,1654.1493346299922,12
Cliente_438,33,1603.5316773884513,14
Cliente_439,8,1263.2580667623447,5
Cliente_440,44,440.4848058427415,18
Cliente_441,44,1041.3381296860205,5
Cliente_442,5,1198.5754041363787,3
Cliente_443,39,1054.8126867119336,5
Cliente_444,4,527.8644022235393,17
Cliente_445,6,1035.3433693863044,19
Cliente_446,45,987.4608183285668,19
Cliente_447,32,1992.7081938553813,12
Cliente_448,30,1795.8979346119456,9
Cliente_449,47,932.1276889490837,1
Cliente_450,35,1249.6453920408862,18
Cliente_451,40,1498.2644921435347,4
Cliente_452,16,79.38166886531157,10
Cliente_453,13,1790.8936680434015,7
Cliente_454,50,1721.6523646716682,1
Cliente_455,42,920.2898745696775,17
Cliente_456,30,788.4278344999558,2
Cliente_457,19,553.1891559640667,11
Cliente_458,17,958.5868883774331,9
Cliente_459,19,98.30956043114118,7
Cliente_460,28,1705.8651313605455,17
Cliente_461,26,80.49051315290468,17
Cliente_462,37,664.8122170860433,2
Cliente_463,26,1863.8630817547898,6
Cliente_464,23,1473.073182501671,14
Cliente_465,9,569.9680115492782,6
Cliente_466,12,512.7716969821613,2
Cliente_467,1,20.113458237871672,1
Cliente_468,1,1394.4714427710028,10
Cliente_469,47,107.07932752961446,5
Cliente_470,34,1069.8790136075165,2
Cliente_471,32,1924.622725458179,16
Cliente_472,48,227.84303150836323,2
Cliente_473,25,1790.0150626264542,10
Cliente_474,40,1983.0359169386459,2
Cliente_475,45,132.41888221607775,16
Cliente_476,1,1766.983475583548,16
Cliente_477,16,1036.9972506827971,19
Cliente_478,39,1813.9623016947144,7
Cliente_479,5,1146.9246944199524,12
Cliente_480,22,1327.6029001120635,15
Cliente_481,29,1092.1200269148246,8
Cliente_482,3,1730.3408318116235,6
Cliente_483,12,1470.4807387178664,10
Cliente_484,26,1047.3080212390257,3
Cliente_485,16,1737.6400000625783,19
Cliente_486,37,498.11820918811577,17
Cliente_487,22,323.1079128080267,7
Cliente_488,29,329.19620960684347,20
Cliente_489,14,674.6776687030234,4
Cliente_490,28,484.99316228902484,14
Cliente_491,5,1860.87979751438,20
Cliente_492,47,220.60984671888215,15
Cliente_493,49,1400.9915686987795,8
Cliente_494,30,386.5508641721617,15
Cliente_495,46,1764.4578942129967,20
Cliente_496,5,1923.0174234879657,14
Cliente_497,12,936.2853174522673,9
Cliente_498,16,1759.352245653982,8
Cliente_499,26,20.238889801882387,17
Cliente_500,26,1641.6943656421192,2
Cliente_501,48,464.96407143459777,3
Cliente_502,21,1818.3156054460421,8
Cliente_503,39,12.22902184541788,12
Cliente_504,36,1116.8016527291163,1
Cliente_505,33,1515.70524953202,10
Cliente_506,30,524.7897780888369,20
Cliente_507,37,394.3344005287132,3
Cliente_508,23,177.35546669128945,6
Cliente_509,10,659.602817241553,7
Cliente_510,5,1124.0901814945707,20
Cliente_511,36,240.52927499271274,18
Cliente_512,34,759.6237703537296,11
Cliente_513,31,28.054085258922676,19
Cliente_514,10,1639.1720467946852,5
Cliente_515,19,265.6129490054508,19
Cliente_516,32,573.8524670485074,11
Cliente_517,1,46.671160289052764,12
Cliente_518,5,870.1591599460995,10
Cliente_519,45,1681.8417904550254,8
Cliente_520,4,790.3809107759413,9
Cliente_521,16,367.19967361342844,4
Cliente_522,24,1509.8606797605332,5
Cliente_523,16,1579.725893922781,8
Cliente_524,2,355.76941586205794,9
Cliente_525,49,1543.9996759965697,15
Cliente_526,28,1895.1227976301127,15
Cliente_527,32,341.09139799522194,16
Cliente_528,27,1544.2587421389496,14
Cliente_529,20,1420.0582891592323,8
Cliente_530,24,952.4120379858261,18
Cliente_531,12,125.2617165120086,10
Cliente_532,50,158.64189133812948,20
Cliente_533,35,1706.3051718053089,6
Cliente_534,33,1980.3952617737875,12
Cliente_535,33,1355.3439918016413,2
Cliente_536,43,897.4570309505397,7
Cliente_537,37,1298.671550369796,16
Cliente_538,12,1192.847759864805,3
Cliente_539,3,773.3883982071874,13
Cliente_540,1,140.59602770228577,3
Cliente_541,33,1644.8107653408076,18
Cliente_542,40,749.9487231850619,11
Cliente_543,10,1639.3834302806165,8
Cliente_544,43,512.4924118798806,6
Cliente_545,44,12.048664892810459,1
Cliente_546,29,326.2871837207455,1
Cliente_547,13,942.3934393694828,8
Cliente_548,12,1889.1642335660815,5
Cliente_549,31,213.36530319050078,16
Cliente_550,46,1709.8774511785164,11
Cliente_551,2,1058.7779514616057,5
Cliente_552,50,1653.5823239417941,4
Cliente_553,35,603.7651176700853,6
Cliente_554,23,1681.494857698219,14
Cliente_555,17,1547.917332233441,19
Cliente_556,26,467.8068292325535,9
Cliente_557,8,271.35690155466233,12
Cliente_558,29,1737.4281018392628,11
Cliente_559,26,1926.8409403458625,14
Cliente_560,10,72.29160435755732,16
Cliente_561,26,1465.2274332776342,1
Cliente_562,34,1819.9537767861586,13
Cliente_563,41,1716.1465832640722,13
Cliente_564,7,1929.395739817715,2
Cliente_565,4,1522.5872160918134,4
Cliente_566,50,890.1745371380114,6
Cliente_567,45,630.7844610853095,5
Cliente_568,11,648.2780534718736,3
Cliente_569,29,1451.6011185020927,1
Cliente_570,36,1494.215653941619,4
Cliente_571,25,408.71469566193815,20
Cliente_572,21,1737.5643988461568,2
Cliente_573,36,1432.6988400024727,5
Cliente_574,10,1129.8730698233314,3
Cliente_575,37,948.3495956040003,9
Cliente_576,9,1091.0332835220167,20
Cliente_577,24,326.89901917573627,6
Cliente_578,35,415.36548605978567,18
Cliente_579,49,191.41733590832143,6
Cliente_580,35,315.7794959406142,19
Cliente_581,48,912.8503328645126,12
Cliente_582,36,1065.4052435192295,11
Cliente_583,18,45.54516603185556,2
Cliente_584,49,1595.6276774494147,15
Cliente_585,39,595.394266953521,12
Cliente_586,32,1824.553709570223,12
Cliente_587,24,1935.3474145914176,9
Cliente_588,23,379.0631606065421,2
Cliente_589,32,929.5736086236647,3
Cliente_590,37,12.451351981187516,12
Cliente_591,12,1200.6712575936297,16
Cliente_592,49,1218.5398320427157,1
Cliente_593,13,502.6045116507166,3
Cliente_594,23,1121.241218440564,20
Cliente_595,25,458.82488346303353,2
Cliente_596,35,330.0426834655982,9
Cliente_597,41,1306.5237389365068,19
Cliente_598,30,658.591673264629,15
Cliente_599,17,1184.6252383823887,18
Cliente_600,49,872.1610304535947,11
Cliente_601,20,1968.8593007317788,16
Cliente_602,48,307.6654789084559,17
Cliente_603,25,934.5512073052622,5
Cliente_604,22,1364.1086864550573,12
Cliente_605,13,797.1347169211376,11
Cliente_606,19,1949.652705222673,15
Cliente_607,49,1446.5563795746007,3
Cliente_608,36,1317.3978765533411,1
Cliente_609,12,1516.5479425463345,20
Cliente_610,41,1905.770789697047,16
Cliente_611,19,1816.559119439434,2
Cliente_612,12,1451.3277631715596,2
Cliente_613,9,1500.8316618115534,3
Cliente_614,7,300.38492732993944,8
Cliente_615,28,214.55688494040473,15
Cliente_616,14,1146.099958669887,7
Cliente_617,31,46.5515975116746,6
Cliente_618,19,969.8891992876672,9
Cliente_619,47,428.59566403854853,20
Cliente_620,16,698.5729696132307,1
Cliente_621,5,1553.8514242279825,8
Cliente_622,35,1883.0626334224492,3
Cliente_623,12,154.10838157121958,4
Cliente_624,25,1073.1419898931258,15
Cliente_625,21,1766.241636781004,6
Cliente_626,36,174.19198353643833,15
Cliente_627,23,1650.7829533246993,3
Cliente_628,16,722.02468834726,14
Cliente_629,39,650.9684574164773,20
Cliente_630,45,1955.1581087664238,14
Cliente_631,42,409.7095888259654,4
Cliente_632,39,1389.455942237135,12
Cliente_633,14,1644.6670487396343,17
Cliente_634,31,91.95515560575063,7
Cliente_635,5,1344.0670621252802,9
Cliente_636,35,1903.5844489671006,3
Cliente_637,23,257.1977337888381,13
Cliente_638,29,1793.4803923432262,15
Cliente_639,43,1193.6055083801027,18
Cliente_640,11,1237.0431179063232,19
Cliente_641,18,1229.758907982556,1
Cliente_642,47,604.6834138112546,6
Cliente_643,12,1871.0516124459248,2
Cliente_644,9,1895.227420635767,14
Cliente_645,10,1254.3562738257563,6
Cliente_646,44,1569.0112246238132,14
Cliente_647,17,1228.3933919035044,4
Cliente_648,38,973.9529106723407,8
Cliente_649,7,1325.032035415509,3
Cliente_650,46,1110.4728906579974,19
Cliente_651,13,1198.976966637541,14
Cliente_652,40,1569.8267813035352,20
Cliente_653,42,966.9986245834799,17
Cliente_654,9,91.1006711240208,8
Cliente_655,50,336.3589671690995,14
Cliente_656,27,882.8283608141813,6
Cliente_657,2,1452.404854149376,16
Cliente_658,5,1190.6245101372556,19
Cliente_659,29,1304.0854298881732,14
Cliente_660,37,963.7650678668117,19
Cliente_661,38,1235.3266236650632,3
Cliente_662,19,664.7447012511777,10
Cliente_663,8,945.6633594663634,19
Cliente_664,48,1491.1153405339617,9
Cliente_665,45,1744.947230156511,20
Cliente_666,1,872.9741145732139,13
Cliente_667,22,96.88669883764877,7
Cliente_668,17,331.7283628521373,14
Cliente_669,7,51.51366719016082,9
Cliente_670,25,1309.993408282287,19
Cliente_671,45,671.3061044566667,15
Cliente_672,4,1089.5324850815414,20
Cliente_673,36,991.6209250997612,14
Cliente_674,6,172.2377142093291,6
Cliente_675,31,812.4901086364254,4
Cliente_676,19,448.9166385954233,8
Cliente_677,44,842.6155794486289,17
Cliente_678,39,415.1207778810629,9
Cliente_679,27,1682.5002884910978,1
Cliente_680,10,356.64473979072477,20
Cliente_681,26,1921.953297459084,14
Cliente_682,19,837.6556586324122,11
Cliente_683,39,1694.028131117908,3
Cliente_684,3,1261.2419882298307,9
Cliente_685,45,1473.3470943448478,14
Cliente_686,13,1537.7705372528928,9
Cliente_687,50,1014.6413149671054,4
Cliente_688,28,1091.168041492944,4
Cliente_689,20,1032.8517769393627,8
Cliente_690,28,1180.2361723992576,2
Cliente_691,8,68.49494705544952,9
Cliente_692,41,797.0751879995404,14
Cliente_693,39,1216.3155399867314,9
Cliente_694,1,1199.4698948591702,16
Cliente_695,3,1587.9826282652068,17
Cliente_696,13,1313.468584275896,16
Cliente_697,28,1984.345299517938,12
Cliente_698,49,574.8705119312036,3
Cliente_699,25,724.7105490358006,11
Cliente_700,33,773.8558322169146,14
Cliente_701,38,936.9674859702945,18
Cliente_702,6,1673.6361469246067,5
Cliente_703,44,479.2262669788276,16
Cliente_704,45,1554.2404120005046,20
Cliente_705,32,816.5672643406293,5
Cliente_706,45,1207.6922134873969,3
Cliente_707,47,1268.755661120349,12
Cliente_708,21,751.9687880059796,1
Cliente_709,16,1030.1042583595522,9
Cliente_710,21,831.932037548917,9
Cliente_711,11,147.57424451137268,4
Cliente_712,37,879.9591237454848,3
Cliente_713,36,203.81285118156882,17
Cliente_714,35,815.9913901698399,2
Cliente_715,19,1189.9076156652459,1
Cliente_716,20,1163.0356496935665,8
Cliente_717,18,1328.6163452265575,13
Cliente_718,47,199.57040082970633,15
Cliente_719,41,1307.7252586055713,8
Cliente_720,49,631.1746328259296,12
Cliente_721,14,804.101432812851,12
Cliente_722,15,1717.3926453061845,14
Cliente_723,31,27.970504217805,15
Cliente_724,1,1180.9411403478048,15
Cliente_725,3,1201.440820399214,9
Cliente_726,16,799.3529549236883,19
Cliente_727,23,481.685435645589,20
Cliente_728,11,477.00133614048667,8
Cliente_729,12,1768.5822426248976,19
Cliente_730,10,889.6285038278864,6
Cliente_731,32,668.4698323484521,20
Cliente_732,16,903.067371924492,19
Cliente_733,8,1342.0868989041292,4
Cliente_734,38,300.05557080705586,7
Cliente_735,12,904.373332075338,4
Cliente_736,24,1179.88989850967,12
Cliente_737,28,1897.6808761543532,13
Cliente_738,8,512.5302863300843,3
Cliente_739,28,724.9089883533287,12
Cliente_740,36,764.9235939456233,2
Cliente_741,26,1215.020933713317,2
Cliente_742,8,719.8967855496034,9
Cliente_743,50,1071.6887313463942,1
Cliente_744,28,1565.7627563916085,8
Cliente_745,28,1413.717332283285,6
Cliente_746,37,898.2736065600453,6
Cliente_747,41,1729.790193571596,18
Cliente_748,36,1120.6990966917872,17
Cliente_749,27,1084.412620609403,12
Cliente_750,17,78.03365421892477,6
Cliente_751,9,1973.5190309107516,8
Cliente_752,33,254.71190897395718,19
Cliente_753,20,469.95051573101676,10
Cliente_754,13,112.87670611063865,1
Cliente_755,28,1283.6059040054583,13
Cliente_756,48,457.15534217563317,17
Cliente_757,29,368.22077057071976,3
Cliente_758,13,186.22561260425036,8
Cliente_759,46,215.5848246767912,14
Cliente_760,35,1173.4946938807516,3
Cliente_761,6,1379.5336530745249,16
Cliente_762,18,800.784187044158,13
Cliente_763,5,964.9951923682257,20
Cliente_764,47,1375.0757946061383,17
Cliente_765,25,44.58578246910448,13
Cliente_766,2,653.0300075698543,6
Cliente_767,10,1946.4645186599894,17
Cliente_768,30,1164.4233370939814,14
Cliente_769,50,515.9069139960116,17
Cliente_770,45,1048.2427928060642,8
Cliente_771,5,691.8804413606215,11
Cliente_772,33,1069.1675277643353,20
Cliente_773,1,260.2256084952312,1
Cliente_774,18,274.10216110036197,7
Cliente_775,32,295.6493004583918,17
Cliente_776,47,1880.2413859344151,10
Cliente_777,49,1468.4688474992702,11
Cliente_778,11,333.1399703780186,9
Cliente_779,21,384.81467669354686,9
Cliente_780,26,1464.350654993044,5
Cliente_781,25,320.76605113642614,17
Cliente_782,22,476.77697373630906,9
Cliente_783,27,1927.060197312594,17
Cliente_784,49,518.0599842095794,19
Cliente_785,13,1326.648377238582,7
Cliente_786,33,1957.4762619270555,9
Cliente_787,34,754.8505666081874,7
Cliente_788,41,44.85682181550385,13
Cliente_789,35,495.8531079405248,11
Cliente_790,1,1663.445610769994,14
Cliente_791,21,1730.571583550523,19
Cliente_792,48,1539.3535354023445,11
Cliente_793,6,235.0885399623803,13
Cliente_794,28,1593.0656396758422,14
Cliente_795,17,1838.1688160170736,13
Cliente_796,5,1205.2129896670099,1
Cliente_797,31,1882.341959112749,8
Cliente_798,5,1655.409378586636,12
Cliente_799,38,1337.2733188119055,19
Cliente_800,3,1158.5986210563788,12
Cliente_801,23,703.6615978115212,8
Cliente_802,37,326.9820160331822,8
Cliente_803,37,1213.8583061541763,13
Cliente_804,10,643.0419917000578,12
Cliente_805,10,1734.2129483800145,16
Cliente_806,19,1986.7405053436707,1
Cliente_807,17,1507.3312476049894,13
Cliente_808,21,190.05857362123098,7
Cliente_809,14,584.4843351059699,5
Cliente_810,9,227.12816721384195,8
Cliente_811,46,1304.5181791055145,14
Cliente_812,1,1532.7298204660115,13
Cliente_813,45,1852.0929134526164,15
Cliente_814,13,881.9629693598555,17
Cliente_815,4,1803.7375426810042,15
Cliente_816,1,1757.0034064922418,20
Cliente_817,49,641.2194763631433,18
Cliente_818,40,1739.1122448257363,18
Cliente_819,32,757.5877812446357,2
Cliente_820,34,600.7698563749587,4
Cliente_821,28,1301.6585710008421,1
Cliente_822,31,663.4786434913113,4
Cliente_823,8,1264.115409174997,18
Cliente_824,39,1223.565292942402,5
Cliente_825,26,1131.243465423433,19
Cliente_826,34,767.0352114232675,15
Cliente_827,3,1101.5144460864387,8
Cliente_828,50,1197.006095220989,20
Cliente_829,12,1095.9169081059922,17
Cliente_830,1,894.394710974891,1
Cliente_831,44,39.18744352206498,12
Cliente_832,5,1178.2527983252903,19
Cliente_833,30,345.2043264340121,15
Cliente_834,30,1288.7261782049072,9
Cliente_835,17,1521.0952125665033,7
Cliente_836,48,1005.8861651701756,2
Cliente_837,47,1089.3036933096791,9
Cliente_838,23,1903.4423337353223,10
Cliente_839,15,1695.8630491314227,2
Cliente_840,37,1829.3306667434251,19
Cliente_841,21,1629.3949137559769,11
Cliente_842,14,226.74750027499556,13
Cliente_843,2,306.49379338068746,10
Cliente_844,11,1057.9813565652296,14
Cliente_845,39,499.67862100801653,18
Cliente_846,38,958.6239953319067,19
Cliente_847,34,794.7869943985169,9
Cliente_848,38,1103.3343344766022,7
Cliente_849,50,1496.2826751102873,3
Cliente_850,34,1433.826905127556,20
Cliente_851,18,1047.2559236458153,6
Cliente_852,30,1646.5629034459455,2
Cliente_853,15,867.4155621606864,6
Cliente_854,27,1794.4614367818435,3
Cliente_855,34,151.8477374097762,16
Cliente_856,38,1909.7734597662818,8
Cliente_857,33,1312.8392320483829,2
Cliente_858,24,766.3482727850385,17
Cliente_859,15,402.3367118800259,9
Cliente_860,30,963.5746265927638,12
Cliente_861,42,397.17106313874893,3
Cliente_862,17,340.99989940885285,11
Cliente_863,5,1238.5299972518187,1
Cliente_864,29,1050.9386019177516,13
Cliente_865,4,1343.491108875774,15
Cliente_866,10,1859.9156960697585,5
Cliente_867,17,1069.1978245446899,17
Cliente_868,10,1166.0547859929675,6
Cliente_869,17,188.35641491833482,11
Cliente_870,20,1438.0952139581727,18
Cliente_871,24,805.8113615402708,4
Cliente_872,5,1953.683224938532,3
Cliente_873,34,1648.116291035364,13
Cliente_874,6,1049.7372706270755,9
Cliente_875,2,255.21308180261042,6
Cliente_876,13,1720.2374286283723,12
Cliente_877,43,1601.564379893803,2
Cliente_878,43,377.3244077786957,3
Cliente_879,48,597.603795548417,3
Cliente_880,11,1588.8804437141962,12
Cliente_881,47,378.60460862934525,15
Cliente_882,23,1836.3274534510408,9
Cliente_883,16,854.8095761407601,8
Cliente_884,31,183.2075355494407,11
Cliente_885,11,1633.339800573519,16
Cliente_886,16,753.2842692463913,4
Cliente_887,8,1057.7333963660242,1
Cliente_888,4,233.48564537832615,7
Cliente_889,40,15.142189541514947,2
Cliente_890,4,1279.5905595286624,5
Cliente_891,25,1035.198588964126,7
Cliente_892,3,1191.1417525550628,4
Cliente_893,32,1589.5502622572274,5
Cliente_894,3,1296.7457677114917,1
Cliente_895,27,357.79915122648055,1
Cliente_896,29,727.9373130300936,15
Cliente_897,32,1812.723298527643,20
Cliente_898,50,1542.189953500841,19
Cliente_899,19,1117.7077452940673,10
Cliente_900,21,518.7335456404519,18
Cliente_901,5,611.1003986512421,3
Cliente_902,18,1466.5965544954126,11
Cliente_903,28,1703.836779097014,15
Cliente_904,42,1346.1350923659227,11
Cliente_905,22,1620.9646517791991,17
Cliente_906,21,1535.645709048808,17
Cliente_907,6,307.9108962343459,6
Cliente_908,1,853.650177697471,5
Cliente_909,5,314.4377636488397,8
Cliente_910,41,478.11881375594976,2
Cliente_911,12,1739.8266530555945,16
Cliente_912,26,951.0550116100325,20
Cliente_913,46,1075.362622666895,12
Cliente_914,34,365.1074708032665,6
Cliente_915,49,631.4208542371041,1
Cliente_916,14,468.18987517146115,4
Cliente_917,26,420.31046739166857,17
Cliente_918,45,1279.5419786987804,13
Cliente_919,27,521.1988568149725,18
Cliente_920,9,1267.7108171806328,5
Cliente_921,26,126.32468207602227,3
Cliente_922,47,292.1310431189327,11
Cliente_923,22,556.3351054602496,13
Cliente_924,47,1198.1233646224264,4
Cliente_925,30,1354.924077723878,14
Cliente_926,43,891.006763891259,11
Cliente_927,48,897.1239200086857,10
Cliente_928,17,1451.78853428325,19
Cliente_929,26,41.48397261350905,18
Cliente_930,36,688.7691487036989,6
Cliente_931,1,1639.2270436672732,15
Cliente_932,8,1210.4066263246107,10
Cliente_933,49,681.0819941832865,5
Cliente_934,35,1811.994336736051,5
Cliente_935,15,1547.5192276242713,10
Cliente_936,47,537.1419400010996,5
Cliente_937,22,1294.1267766761766,3
Cliente_938,14,1195.5439490960239,6
Cliente_939,26,808.3639489375755,4
Cliente_940,28,740.2425976175533,18
Cliente_941,23,693.6853448036509,9
Cliente_942,14,1238.1400089573372,17
Cliente_943,24,890.3957735965323,13
Cliente_944,2,1665.4075953703298,15
Cliente_945,45,1342.509206106584,20
Cliente_946,26,149.1638953617739,17
Cliente_947,14,1283.9347654180506,13
Cliente_948,7,549.5833986353678,16
Cliente_949,3,1189.6958633903112,4
Cliente_950,47,1363.4625428958682,5
Cliente_951,23,469.35008641648403,5
Cliente_952,46,919.1487033119336,9
Cliente_953,43,388.7464770099449,17
Cliente_954,47,114.15436281515154,13
Cliente_955,45,763.1680827368795,2
Cliente_956,18,732.259100973524,13
Cliente_957,38,1991.0061765014716,19
Cliente_958,35,898.241178883308,3
Cliente_959,15,673.8034034496789,10
Cliente_960,25,1165.1452633661825,2
Cliente_961,37,186.64711427445923,13
Cliente_962,28,1923.7148145500782,19
Cliente_963,10,1273.5704907261559,17
Cliente_964,39,1512.127261682287,14
Cliente_965,17,349.25109696609593,12
Cliente_966,39,824.8609274803557,12
Cliente_967,22,851.1513356584171,11
Cliente_968,26,1645.3948233631627,7
Cliente_969,44,12.460992721224791,4
Cliente_970,25,608.6976856229776,19
Cliente_971,17,1962.6603849451647,1
Cliente_972,13,955.0242215773751,3
Cliente_973,20,771.2272976855764,13
Cliente_974,25,248.45971401511622,15
Cliente_975,4,1948.587610969751,2
Cliente_976,10,49.85244829239069,11
Cliente_977,3,1476.9886477644138,4
Cliente_978,41,1539.5136115291318,19
Cliente_979,45,494.8768649670946,17
Cliente_980,18,1346.401302789944,3
Cliente_981,47,194.92899731498596,18
Cliente_982,36,521.5240601998389,8
Cliente_983,47,1577.9249567016072,19
Cliente_984,22,1730.725522146745,5
Cliente_985,34,1220.8879611929847,7
Cliente_986,47,1018.6084793227603,8
Cliente_987,8,327.0150010317708,5
Cliente_988,40,135.58697582750884,17
Cliente_989,49,244.12156666238167,5
Cliente_990,44,462.44102719123657,4
Cliente_991,19,689.9322587748725,19
Cliente_992,42,768.0099557668646,2
Cliente_993,41,699.1803194921171,11
Cliente_994,37,485.72011107255855,13
Cliente_995,6,1024.3512510358792,15
Cliente_996,26,1652.3193553834647,12
Cliente_997,34,566.6100415582437,11
Cliente_998,45,1885.3501680134439,7
Cliente_999,6,1747.9399568304573,5
Cliente_1000,37,331.91078059069815,17
